timestamp_ms,s_rtt_ms,base_rtt_ms,qdelay_ms,qdelay_avg_ms,bitrate_kbps,cwnd_bytes,bytes_in_flight,max_bytes_in_flight,packet_loss
1751480852463,0,10000,0,0,500,2000,0,0,0
1751480852464,0,10000,0,0,500,2000,2752,2752,0
1751480852475,0,10000,0,0,500,2000,0,0,0
1751480852505,0,10000,0,0,500,2000,2752,2752,0
1751480852525,0,10000,0,0,500,2000,0,0,0
1751480852536,70,70,0,0,500,2000,2720,2752,0
1751480852544,70,70,0,0,500,2000,2720,2752,0
1751480852557,0,10000,0,0,500,2000,0,0,0
1751480852585,66,70,0,0,500,4085.847,2752,2752,0
1751480852597,0,10000,0,0,500,2000,0,0,0
1751480852621,66,70,1,0,500,4085.847,2720,2752,0
1751480852624,66,70,1,0,500,4085.847,2720,2752,0
1751480852640,0,10000,0,0,500,2000,0,0,0
1751480852649,61,70,0,0,535.5677,4128,2752,2752,0
1751480852664,61,70,0,0,535.5677,4128,4096,4096,0
1751480852678,0,10000,0,0,500,2000,0,0,0
1751480852688,58,70,0,0,562.19,4128,4096,4096,0
1751480852705,58,70,0,0,562.19,4128,4096,4096,0
1751480852716,0,10000,0,0,500,2000,0,0,0
1751480852727,58,70,0,0,563.9636,4128,4096,4096,0
1751480852745,58,70,0,0,563.9636,4128,4096,4096,0
1751480852757,0,10000,0,0,500,2000,0,0,0
1751480852780,56,70,0,0,582.454,4128,4096,4096,0
1751480852787,56,70,0,0,723.29333,5126.164,4096,4096,0
1751480852797,0,10000,0,0,500,2000,0,0,0
1751480852824,56,70,0,0,723.29333,5126.164,4096,4096,0
1751480852837,0,10000,0,0,500,2000,0,0,0
1751480852847,59,70,0,0,784.2437,5872.5986,4096,4096,0
1751480852865,59,70,0,0,784.2437,5872.5986,5472,5472,0
1751480852877,0,10000,0,0,500,2000,0,0,0
1751480852887,53,70,0,0,881.27374,5872.5986,5472,5472,0
1751480852905,53,70,0,0,922.0017,6144,5472,5472,0
1751480852916,0,10000,0,0,500,2000,0,0,0
1751480852926,48,70,0,0,1005.45276,6144,5440,5472,0
1751480852944,48,70,0,0,1005.45276,6144,5440,5472,0
1751480852956,0,10000,0,0,500,2000,0,0,0
1751480852966,46,70,0,0,1235.2169,7239.446,5472,5472,0
1751480852983,46,70,0,0,1235.2169,7239.446,6816,6816,0
1751480852996,0,10000,0,0,500,2000,0,0,0
1751480853007,51,70,0,1,1131.066,7239.446,1344,6816,0
1751480853009,51,70,0,1,1131.066,7239.446,6816,6816,0
1751480853026,51,70,0,1,1208.2692,7733.5884,6816,6816,0
1751480853036,0,10000,0,0,500,2000,0,0,0
1751480853046,49,70,0,1,1257.5526,7733.5884,6816,6816,0
1751480853064,49,70,0,1,1257.5526,7733.5884,6816,6816,0
1751480853077,0,10000,0,0,500,2000,0,0,0
1751480853087,52,70,0,1,1290.4784,8426.035,6848,6848,0
1751480853105,52,70,0,1,1290.4784,8426.035,8192,8192,0
1751480853115,0,10000,0,0,500,2000,0,0,0
1751480853126,50,70,0,1,1346.7277,8426.035,2720,8192,0
1751480853129,50,70,0,1,1346.7277,8426.035,8192,8192,0
1751480853144,50,70,0,1,1389.7583,8695.264,8192,8192,0
1751480853157,0,10000,0,0,500,2000,0,0,0
1751480853172,53,70,0,2,1298.5012,8695.264,8192,8192,0
1751480853183,53,70,0,2,1298.5012,8695.264,8192,8192,0
1751480853197,0,10000,0,0,500,2000,0,0,0
1751480853208,59,70,0,3,1230.7792,9082.246,8192,8192,0
1751480853226,59,70,0,3,1230.7792,9082.246,8192,8192,0
1751480853239,0,10000,0,0,500,2000,0,0,0
1751480853249,60,70,0,3,1193.0396,9082.246,8192,8192,0
1751480853265,60,70,0,3,1193.0396,9082.246,8192,8192,0
1751480853277,0,10000,0,0,500,2000,0,0,0
1751480853286,66,70,7,4,1122.157,9348.701,8192,8192,0
1751480853304,66,70,7,4,1122.157,9348.701,8192,8192,0
1751480853316,0,10000,0,0,500,2000,0,0,0
1751480853326,65,70,0,4,1134.3652,9348.701,8192,8192,0
1751480853343,65,70,0,4,1134.3652,9348.701,8192,8192,0
1751480853356,0,10000,0,0,500,2000,0,0,0
1751480853368,65,70,0,4,1176.4479,9651.39,8192,8192,0
1751480853371,65,70,0,4,1176.4479,9651.39,9568,9568,0
1751480853385,65,70,0,4,1176.4479,9651.39,9568,9568,0
1751480853397,0,10000,0,0,500,2000,0,0,0
1751480853408,70,70,11,6,1087.5331,9651.39,9568,9568,0
1751480853424,70,70,11,6,1087.5331,9651.39,9568,9568,0
1751480853436,0,10000,0,0,500,2000,0,0,0
1751480853446,73,70,8,6,1076.4924,9904.547,9568,9568,0
1751480853465,73,70,8,6,1076.4924,9904.547,9568,9568,0
1751480853477,0,10000,0,0,500,2000,0,0,0
1751480853488,79,70,9,10,999.0816,9904.547,9568,9568,0
1751480853505,79,70,9,10,999.0816,9904.547,9568,9568,0
1751480853517,0,10000,0,0,500,2000,0,0,0
1751480853528,79,70,9,10,1022.04315,10193.893,9568,9568,0
1751480853543,79,70,9,10,1022.04315,10193.893,9568,9568,0
1751480853558,0,10000,0,0,500,2000,0,0,0
1751480853568,79,70,8,9,1023.00745,10193.893,9568,9568,0
1751480853585,79,70,8,9,1023.00745,10193.893,9568,9568,0
1751480853597,0,10000,0,0,500,2000,0,0,0
1751480853598,79,70,8,9,1023.00745,10193.893,9568,9568,0
1751480853600,79,70,8,9,501.27365,4995.0073,6816,9568,1
1751480853625,79,70,8,9,640.453,6370.1973,4096,4096,0
1751480853636,0,10000,0,0,500,2000,0,0,0
1751480853646,79,70,7,9,643.5203,6370.1973,5472,5472,0
1751480853663,79,70,7,9,643.5203,6370.1973,5472,5472,0
1751480853676,0,10000,0,0,500,2000,0,0,0
1751480853686,64,70,0,5,792.12225,6370.1973,5440,5472,0
1751480853704,64,70,0,5,960.27545,7722.4746,5440,5440,0
1751480853704,64,70,0,5,960.27545,7722.4746,6816,6816,0
1751480853716,0,10000,0,0,500,2000,0,0,0
1751480853725,56,70,0,4,1099.4518,7722.4746,6816,6816,0
1751480853745,56,70,0,4,1099.4518,7722.4746,6816,6816,0
1751480853756,0,10000,0,0,500,2000,0,0,0
1751480853767,55,70,0,3,1184.2324,8208,6848,6848,0
1751480853785,55,70,0,3,1184.2324,8208,6848,6848,0
1751480853797,0,10000,0,0,500,2000,0,0,0
1751480853813,54,70,0,3,1197.5588,8208,6816,6848,0
1751480853825,54,70,0,3,1310.7938,8984.106,6816,6816,0
1751480853825,54,70,0,3,1310.7938,8984.106,8192,8192,0
1751480853841,0,10000,0,0,500,2000,0,0,0
1751480853841,50,70,0,2,1428.9081,8984.106,8192,8192,0
1751480853865,50,70,0,2,1428.9081,8984.106,8192,8192,0
1751480853876,0,10000,0,0,500,2000,0,0,0
1751480853888,56,70,0,2,1415.3369,10059.779,8192,8192,0
1751480853905,56,70,0,2,1415.3369,10059.779,9568,9568,0
1751480853918,0,10000,0,0,500,2000,0,0,0
1751480853928,63,70,0,5,1271.6045,10059.779,9536,9568,0
1751480853944,63,70,0,5,1271.6045,10059.779,9536,9568,0
1751480853956,0,10000,0,0,500,2000,0,0,0
1751480853968,66,70,0,5,1354.1538,11202.254,9536,9536,0
1751480853969,66,70,0,5,1354.1538,11202.254,10912,10912,0
1751480853986,66,70,0,5,1354.1538,11202.254,10912,10912,0
1751480853999,0,10000,0,0,500,2000,0,0,0
1751480854010,71,70,10,6,1258.4495,11202.254,10912,10912,0
1751480854024,71,70,10,6,1258.4495,11202.254,10912,10912,0
1751480854037,0,10000,0,0,500,2000,0,0,0
1751480854048,78,70,9,10,1238.9242,12096.828,10912,10912,0
1751480854065,78,70,9,10,1238.9242,12096.828,10912,10912,0
1751480854078,0,10000,0,0,500,2000,0,0,0
1751480854084,78,70,9,10,1238.9242,12096.828,10912,10912,0
1751480854086,78,70,9,10,867.24695,8467.779,9568,10912,1
1751480854103,81,70,7,13,826.6172,8467.779,8192,10912,0
1751480854117,0,10000,0,0,500,2000,0,0,0
1751480854128,84,70,8,14,804.7157,8467.779,2720,10912,0
1751480854130,84,70,8,14,804.7157,8467.779,8192,10912,0
1751480854144,84,70,8,14,915.2618,9631.022,8192,8192,0
1751480854156,0,10000,0,0,500,2000,0,0,0
1751480854185,78,70,0,11,975.70166,9631.022,8192,8192,0
1751480854196,0,10000,0,0,500,2000,0,0,0
1751480854206,77,70,4,9,991.96674,9631.022,8192,8192,0
1751480854223,77,70,4,9,1071.0806,10399.141,8192,8192,0
1751480854224,77,70,4,9,1071.0806,10399.141,9568,9568,0
1751480854236,0,10000,0,0,500,2000,0,0,0
1751480854246,72,70,0,9,1144.4507,10399.141,9568,9568,0
1751480854264,72,70,0,9,1144.4507,10399.141,9568,9568,0
1751480854277,0,10000,0,0,500,2000,0,0,0
1751480854288,69,70,0,7,1197.3167,10399.141,9536,9568,0
1751480854304,69,70,0,7,1338.3022,11623.652,9536,9536,0
1751480854305,69,70,0,7,1338.3022,11623.652,10912,10912,0
1751480854317,0,10000,0,0,500,2000,0,0,0
1751480854327,73,70,9,8,1270.2347,11623.652,10912,10912,0
1751480854344,73,70,9,8,1270.2347,11623.652,10912,10912,0
1751480854357,0,10000,0,0,500,2000,0,0,0
1751480854369,73,70,0,7,1260.801,11623.652,10912,10912,0
1751480854384,73,70,0,7,1386.1465,12779.245,10912,10912,0
1751480854385,73,70,0,7,1386.1465,12779.245,12288,12288,0
1751480854397,0,10000,0,0,500,2000,0,0,0
1751480854406,75,70,7,7,1357.1572,12779.245,12288,12288,0
1751480854423,75,70,7,7,1357.1572,12779.245,12288,12288,0
1751480854436,0,10000,0,0,500,2000,0,0,0
1751480854445,75,70,5,6,1348.6472,12779.245,12288,12288,0
1751480854467,75,70,5,6,1447.4584,13715.54,12288,12288,0
1751480854476,0,10000,0,0,500,2000,0,0,0
1751480854485,82,70,8,12,1326.1627,13715.54,12288,12288,0
1751480854506,82,70,8,12,1326.1627,13715.54,12288,12288,0
1751480854515,0,10000,0,0,500,2000,0,0,0
1751480854529,87,70,8,16,1254.3904,13715.54,5472,12288,0
1751480854532,87,70,8,16,1254.3904,13715.54,5472,12288,0
1751480854535,87,70,8,16,1254.3904,13715.54,12288,12288,0
1751480854545,87,70,8,16,1254.3904,13715.54,12288,12288,0
1751480854550,87,70,8,16,1254.3904,13715.54,12288,12288,0
1751480854552,87,70,8,16,878.07324,9600.878,10912,12288,1
1751480854557,0,10000,0,0,500,2000,0,0,0
1751480854586,86,70,10,15,1005.26746,10900.954,9568,9568,0
1751480854597,0,10000,0,0,500,2000,0,0,0
1751480854606,86,70,0,16,1004.05096,10900.954,9536,9568,0
1751480854625,86,70,0,16,1004.05096,10900.954,9536,9568,0
1751480854636,0,10000,0,0,500,2000,0,0,0
1751480854647,86,70,0,18,1010.5096,10900.954,9536,9568,0
1751480854666,86,70,0,18,1010.5096,10900.954,9536,9568,0
1751480854680,0,10000,0,0,500,2000,0,0,0
1751480854689,85,70,11,16,1165.4816,12401.639,9536,9536,0
1751480854695,85,70,11,16,1165.4816,12401.639,12288,12288,0
1751480854704,85,70,11,16,1165.4816,12401.639,12288,12288,0
1751480854716,0,10000,0,0,500,2000,0,0,0
1751480854726,85,70,7,16,1153.9047,12401.639,12288,12288,0
1751480854744,85,70,7,16,1153.9047,12401.639,12288,12288,0
1751480854756,0,10000,0,0,500,2000,0,0,0
1751480854767,82,70,1,12,1209.8574,12401.639,6816,12288,0
1751480854770,82,70,1,12,1209.8574,12401.639,12288,12288,0
1751480854784,82,70,1,12,1310.765,13435.992,12288,12288,0
1751480854798,0,10000,0,0,500,2000,0,0,0
1751480854809,85,70,10,15,1264.4996,13435.992,12288,12288,0
1751480854825,85,70,10,15,1264.4996,13435.992,12288,12288,0
1751480854836,0,10000,0,0,500,2000,0,0,0
1751480854838,85,70,10,15,1264.4996,13435.992,12288,12288,0
1751480854839,85,70,10,15,619.6048,6583.6357,9568,12288,1
1751480854865,84,70,6,14,626.87445,6583.6357,8192,12288,0
1751480854877,0,10000,0,0,500,2000,0,0,0
1751480854898,93,70,8,21,710.1819,8280.36,5440,5440,0
1751480854898,93,70,8,21,710.1819,8280.36,8192,8192,0
1751480854905,93,70,8,21,710.1819,8280.36,8192,8192,0
1751480854916,0,10000,0,0,500,2000,0,0,0
1751480854917,93,70,8,21,710.1819,8280.36,8192,8192,0
1751480854919,93,70,8,21,500,4057.3762,5472,8192,1
1751480854944,93,70,8,21,500,4057.3762,5472,8192,0
1751480854957,0,10000,0,0,500,2000,0,0,0
1751480854970,83,70,0,14,500,4057.3762,2720,8192,0
1751480854984,83,70,0,14,522.2624,5427.548,2720,2720,0
1751480854996,0,10000,0,0,500,2000,0,0,0
1751480855024,77,70,0,12,561.04364,5427.548,4096,4096,0
1751480855036,0,10000,0,0,500,2000,0,0,0
1751480855046,70,70,0,10,617.4947,5427.548,4096,4096,0
1751480855063,70,70,0,10,708.15216,6224.3936,4096,4096,0
1751480855079,0,10000,0,0,500,2000,0,0,0
1751480855090,63,70,0,7,782.12006,6224.3936,5440,5440,0
1751480855105,63,70,0,7,782.12006,6224.3936,5440,5440,0
1751480855117,0,10000,0,0,500,2000,0,0,0
1751480855126,57,70,0,6,871.2691,6224.3936,5472,5472,0
1751480855144,57,70,0,6,871.2691,6224.3936,5472,5472,0
1751480855157,0,10000,0,0,500,2000,0,0,0
1751480855166,56,70,0,4,881.5681,6224.3936,5440,5472,0
1751480855185,56,70,0,4,1021.5793,7212.9556,5440,5440,0
1751480855185,56,70,0,4,1021.5793,7212.9556,6816,6816,0
1751480855197,0,10000,0,0,500,2000,0,0,0
1751480855226,54,70,0,4,1056.2445,7212.9556,6848,6848,0
1751480855236,0,10000,0,0,500,2000,0,0,0
1751480855254,64,70,0,6,1015.4202,8208,6816,6816,0
1751480855265,64,70,0,6,1015.4202,8208,6816,6816,0
1751480855278,0,10000,0,0,500,2000,0,0,0
1751480855288,57,70,0,4,1151.2916,8208,6816,6816,0
1751480855305,57,70,0,4,1151.2916,8208,6816,6816,0
1751480855316,0,10000,0,0,500,2000,0,0,0
1751480855326,57,70,0,3,1296.008,9369.891,6816,6816,0
1751480855330,57,70,0,3,1296.008,9369.891,8192,8192,0
1751480855345,57,70,0,3,1296.008,9369.891,8192,8192,0
1751480855357,0,10000,0,0,500,2000,0,0,0
1751480855368,60,70,0,4,1243.8652,9369.891,8192,8192,0
1751480855385,60,70,0,4,1243.8652,9369.891,8192,8192,0
1751480855397,0,10000,0,0,500,2000,0,0,0
1751480855407,62,70,0,4,1299.091,10224,8192,8192,0
1751480855424,62,70,0,4,1299.091,10224,9536,9536,0
1751480855436,0,10000,0,0,500,2000,0,0,0
1751480855452,63,70,0,4,1291.9327,10224,9536,9536,0
1751480855464,63,70,0,4,1291.9327,10224,9536,9536,0
1751480855477,0,10000,0,0,500,2000,0,0,0
1751480855488,64,70,0,5,1431.239,11509.532,2720,2720,0
1751480855494,64,70,0,5,1431.239,11509.532,10912,10912,0
1751480855503,64,70,0,5,1431.239,11509.532,10912,10912,0
1751480855516,0,10000,0,0,500,2000,0,0,0
1751480855526,62,70,0,4,1477.4784,11509.532,10912,10912,0
1751480855545,62,70,0,4,1477.4784,11509.532,10912,10912,0
1751480855556,0,10000,0,0,500,2000,0,0,0
1751480855573,69,70,8,5,1444.6671,12532.203,5440,5440,0
1751480855576,69,70,8,5,1444.6671,12532.203,12288,12288,0
1751480855585,69,70,8,5,1444.6671,12532.203,12288,12288,0
1751480855597,0,10000,0,0,500,2000,0,0,0
1751480855609,77,70,11,9,1296.1445,12532.203,12288,12288,0
1751480855624,77,70,11,9,1296.1445,12532.203,12288,12288,0
1751480855636,0,10000,0,0,500,2000,0,0,0
1751480855650,76,70,3,8,1410.7837,13483.843,12288,12288,0
1751480855666,76,70,3,8,1410.7837,13483.843,12288,12288,0
1751480855677,0,10000,0,0,500,2000,0,0,0
1751480855687,76,70,3,8,1410.7837,13483.843,12288,12288,0
1751480855690,83,70,8,13,1293.5793,13483.843,6816,12288,0
1751480855693,83,70,8,13,1293.5793,13483.843,6816,12288,0
1751480855696,83,70,8,13,1293.5793,13483.843,12288,12288,0
1751480855705,83,70,8,13,1293.5793,13483.843,12288,12288,0
1751480855719,0,10000,0,0,500,2000,0,0,0
1751480855736,83,70,8,13,1343.011,13999.102,12288,12288,0
1751480855737,83,70,8,13,658.0754,6859.5596,10944,12288,1
1751480855745,83,70,8,13,658.0754,6859.5596,10944,12288,0
1751480855752,83,70,8,13,658.0754,6859.5596,10944,12288,0
1751480855754,83,70,8,13,500,2352.8286,6848,12288,1
1751480855757,0,10000,0,0,500,2000,0,0,0
1751480855785,83,70,8,13,500,2352.8286,6848,12288,0
1751480855796,0,10000,0,0,500,2000,0,0,0
1751480855825,89,70,40,18,500,2352.8286,4096,12288,0
1751480855837,0,10000,0,0,500,2000,0,0,0
1751480855866,104,70,80,30,500,4691.806,2720,2720,0
1751480855871,104,70,80,30,500,4691.806,4096,4096,0
1751480855878,0,10000,0,0,500,2000,0,0,0
1751480855905,110,70,79,35,500,4691.806,4096,4096,0
1751480855916,0,10000,0,0,500,2000,0,0,0
1751480855925,97,70,0,28,500,4691.806,4096,4096,0
1751480855944,97,70,0,28,500,4691.806,4096,4096,0
1751480855956,0,10000,0,0,500,2000,0,0,0
1751480855965,80,70,0,20,643.1127,6488.2603,4096,4096,0
1751480855986,80,70,0,20,643.1127,6488.2603,5472,5472,0
1751480855996,0,10000,0,0,500,2000,0,0,0
1751480856007,67,70,0,15,766.4737,6488.2603,5472,5472,0
1751480856024,67,70,0,15,766.4737,6488.2603,5472,5472,0
1751480856037,0,10000,0,0,500,2000,0,0,0
1751480856047,58,70,0,9,894.3635,6488.2603,5440,5440,0
1751480856065,58,70,0,9,894.3635,6488.2603,5440,5440,0
1751480856079,0,10000,0,0,500,2000,0,0,0
1751480856097,53,70,0,7,977.348,6488.2603,5440,5440,0
1751480856104,53,70,0,7,1084.7817,7201.474,5440,5440,0
1751480856105,53,70,0,7,1084.7817,7201.474,6816,6816,0
1751480856117,0,10000,0,0,500,2000,0,0,0
1751480856144,53,70,0,6,1083.3623,7201.474,6816,6816,0
1751480856156,0,10000,0,0,500,2000,0,0,0
1751480856167,53,70,0,4,1223.4364,8160,1344,1344,0
1751480856170,53,70,0,4,1223.4364,8160,6816,6816,0
1751480856186,53,70,0,4,1223.4364,8160,6816,6816,0
1751480856197,0,10000,0,0,500,2000,0,0,0
1751480856224,52,70,0,3,1307.297,8547.733,6816,6816,0
1751480856226,52,70,0,3,1307.297,8547.733,8192,8192,0
1751480856237,0,10000,0,0,500,2000,0,0,0
1751480856248,56,70,0,4,1220.365,8547.733,8192,8192,0
1751480856264,56,70,0,4,1220.365,8547.733,8192,8192,0
1751480856277,0,10000,0,0,500,2000,0,0,0
1751480856294,56,70,0,2,1399.0868,9858.454,8192,8192,0
1751480856305,56,70,0,2,1399.0868,9858.454,9536,9536,0
1751480856328,0,10000,0,0,500,2000,0,0,0
1751480856339,64,70,20,6,1222.7462,9858.454,9568,9568,0
1751480856341,64,70,20,6,1222.7462,9858.454,9568,9568,0
1751480856343,64,70,20,6,855.9224,6900.918,8192,9568,1
1751480856363,0,10000,0,0,500,2000,0,0,0
1751480856374,69,70,0,6,926.91254,8101.459,6848,6848,0
1751480856384,69,70,0,6,926.91254,8101.459,6848,6848,0
1751480856398,0,10000,0,0,500,2000,0,0,0
1751480856418,67,70,0,5,957.3801,8101.459,6848,6848,0
1751480856424,67,70,0,5,957.3801,8101.459,6848,6848,0
1751480856438,0,10000,0,0,500,2000,0,0,0
1751480856447,59,70,0,4,1253.4799,9366.279,6816,6816,0
1751480856450,59,70,0,4,1253.4799,9366.279,8192,8192,0
1751480856465,59,70,0,4,1253.4799,9366.279,8192,8192,0
1751480856475,0,10000,0,0,500,2000,0,0,0
1751480856486,55,70,0,3,1346.5325,9366.279,8192,8192,0
1751480856505,55,70,0,3,1417.9604,9863.122,8192,8192,0
1751480856519,0,10000,0,0,500,2000,0,0,0
1751480856529,61,70,10,4,1278.7957,9863.122,9568,9568,0
1751480856544,61,70,10,4,1278.7957,9863.122,9568,9568,0
1751480856557,0,10000,0,0,500,2000,0,0,0
1751480856574,70,70,0,9,1124.1785,9863.122,9536,9568,0
1751480856584,70,70,0,9,1253.4722,10997.496,9536,9536,0
1751480856598,0,10000,0,0,500,2000,0,0,0
1751480856608,63,70,0,7,1383.7839,10997.496,4096,9536,0
1751480856610,63,70,0,7,1383.7839,10997.496,9568,9568,0
1751480856625,63,70,0,7,1383.7839,10997.496,9568,9568,0
1751480856637,0,10000,0,0,500,2000,0,0,0
1751480856665,66,70,3,6,1441.2043,11906.232,9536,9536,0
1751480856665,66,70,3,6,1441.2043,11906.232,10912,10912,0
1751480856677,0,10000,0,0,500,2000,0,0,0
1751480856688,73,70,5,8,1287.989,11906.232,10912,10912,0
1751480856704,73,70,5,8,1287.989,11906.232,10912,10912,0
1751480856716,0,10000,0,0,500,2000,0,0,0
1751480856727,69,70,0,6,1364.2021,11906.232,10912,10912,0
1751480856745,69,70,0,6,1494.2188,13040.967,10912,10912,0
1751480856750,69,70,0,6,1494.2188,13040.967,12288,12288,0
1751480856758,0,10000,0,0,500,2000,0,0,0
1751480856767,73,70,9,7,1425.3362,13040.967,12288,12288,0
1751480856785,73,70,9,7,1425.3362,13040.967,12288,12288,0
1751480856796,0,10000,0,0,500,2000,0,0,0
1751480856800,73,70,9,7,1425.3362,13040.967,12288,12288,0
1751480856801,73,70,9,7,698.4147,6390.0737,9568,12288,1
1751480856826,74,70,7,7,803.3862,7473.2607,6816,6816,0
1751480856839,0,10000,0,0,500,2000,0,0,0
1751480856849,82,70,10,12,723.6653,7473.2607,6816,6816,0
1751480856864,82,70,10,12,723.6653,7473.2607,6816,6816,0
1751480856876,0,10000,0,0,500,2000,0,0,0
1751480856889,77,70,0,11,774.49774,7473.2607,6816,6816,0
1751480856904,77,70,0,11,893.7608,8624.051,6816,6816,0
1751480856918,0,10000,0,0,500,2000,0,0,0
1751480856929,77,70,8,10,889.17255,8624.051,8192,8192,0
1751480856944,77,70,8,10,889.17255,8624.051,8192,8192,0
1751480856956,0,10000,0,0,500,2000,0,0,0
1751480856966,79,70,0,14,867.2377,8624.051,8192,8192,0
1751480856985,79,70,0,14,972.2705,9668.526,8192,8192,0
1751480857004,0,10000,0,0,500,2000,0,0,0
1751480857015,81,70,15,14,953.4579,9668.526,9568,9568,0
1751480857026,81,70,15,14,953.4579,9668.526,9568,9568,0
1751480857037,0,10000,0,0,500,2000,0,0,0
1751480857040,77,70,0,10,1002.2614,9668.526,9536,9568,0
1751480857063,77,70,0,10,1104.532,10655.101,9536,9536,0
1751480857077,0,10000,0,0,500,2000,0,0,0
1751480857088,75,70,0,7,1130.9196,10655.101,9536,9536,0
1751480857105,75,70,0,7,1130.9196,10655.101,9536,9536,0
1751480857118,0,10000,0,0,500,2000,0,0,0
1751480857128,80,70,16,10,1059.0095,10655.101,4096,9536,0
1751480857132,80,70,16,10,1059.0095,10655.101,9568,9568,0
1751480857145,80,70,16,10,1166.9163,11740.791,9568,9568,0
1751480857156,0,10000,0,0,500,2000,0,0,0
1751480857165,73,70,0,8,1274.7478,11740.791,10912,10912,0
1751480857187,73,70,0,8,1274.7478,11740.791,10912,10912,0
1751480857196,0,10000,0,0,500,2000,0,0,0
1751480857208,74,70,5,7,1260.5647,11740.791,10912,10912,0
1751480857225,74,70,5,7,1368.6072,12747.088,10912,10912,0
1751480857227,74,70,5,7,1368.6072,12747.088,12288,12288,0
1751480857236,0,10000,0,0,500,2000,0,0,0
1751480857246,76,70,9,8,1333.9023,12747.088,12288,12288,0
1751480857264,76,70,9,8,1333.9023,12747.088,12288,12288,0
1751480857279,0,10000,0,0,500,2000,0,0,0
1751480857290,85,70,10,14,1194.9093,12747.088,12288,12288,0
1751480857305,85,70,10,14,1194.9093,12747.088,12288,12288,0
1751480857317,0,10000,0,0,500,2000,0,0,0
1751480857327,85,70,9,14,1350.6749,14360.081,6816,6816,0
1751480857332,85,70,9,14,1350.6749,14360.081,13664,13664,0
1751480857344,85,70,9,14,1350.6749,14360.081,13664,13664,0
1751480857356,0,10000,0,0,500,2000,0,0,0
1751480857368,82,70,6,12,1391.5845,14360.081,13664,13664,0
1751480857384,82,70,6,12,1391.5845,14360.081,13664,13664,0
1751480857397,0,10000,0,0,500,2000,0,0,0
1751480857407,82,70,6,12,1391.5845,14360.081,13664,13664,0
1751480857408,88,70,4,17,1292.2085,14360.081,9568,13664,0
1751480857411,88,70,4,17,1292.2085,14360.081,13664,13664,0
1751480857424,88,70,4,17,1358.244,15093.922,13664,13664,0
1751480857436,0,10000,0,0,500,2000,0,0,0
1751480857446,97,70,44,24,1237.5847,15093.922,13664,13664,0
1751480857460,97,70,44,24,1237.5847,15093.922,13664,13664,0
1751480857462,97,70,44,24,866.3093,10565.745,12288,13664,1
1751480857464,97,70,44,24,866.3093,10565.745,12288,13664,0
1751480857477,97,70,44,24,866.3093,10565.745,12288,13664,0
1751480857478,0,10000,0,0,500,2000,0,0,0
1751480857478,97,70,44,24,500,3624.0503,8192,13664,1
1751480857505,97,70,44,24,500,3624.0503,8192,13664,0
1751480857516,0,10000,0,0,500,2000,0,0,0
1751480857544,103,70,44,30,500,5910.5767,4096,4096,0
1751480857558,0,10000,0,0,500,2000,0,0,0
1751480857570,109,70,52,36,500,5910.5767,5440,5440,0
1751480857584,109,70,52,36,500,5910.5767,5440,5440,0
1751480857596,0,10000,0,0,500,2000,0,0,0
1751480857624,109,70,52,36,500,5910.5767,5440,5440,0
1751480857637,0,10000,0,0,500,2000,0,0,0
1751480857649,96,70,6,26,629.79584,7608.006,0,0,0
1751480857650,96,70,6,26,629.79584,7608.006,6848,6848,0
1751480857666,96,70,6,26,629.79584,7608.006,6848,6848,0
1751480857677,0,10000,0,0,500,2000,0,0,0
1751480857688,82,70,0,21,737.1722,7608.006,6816,6848,0
1751480857704,82,70,0,21,737.1722,7608.006,6816,6848,0
1751480857717,0,10000,0,0,500,2000,0,0,0
1751480857726,80,70,4,16,758.05133,7608.006,6816,6848,0
1751480857745,80,70,4,16,813.0513,8160,6816,6816,0
1751480857756,0,10000,0,0,500,2000,0,0,0
1751480857766,74,70,0,13,874.2556,8160,6816,6816,0
1751480857785,74,70,0,13,874.2556,8160,6816,6816,0
1751480857797,0,10000,0,0,500,2000,0,0,0
1751480857809,63,70,0,9,1215.8744,9715.495,6816,6816,0
1751480857812,63,70,0,9,1215.8744,9715.495,9568,9568,0
1751480857824,63,70,0,9,1215.8744,9715.495,9568,9568,0
1751480857836,0,10000,0,0,500,2000,0,0,0
1751480857847,54,70,0,6,1413.4209,9715.495,9568,9568,0
1751480857864,54,70,0,6,1413.4209,9715.495,9568,9568,0
1751480857879,0,10000,0,0,500,2000,0,0,0
1751480857890,65,70,7,7,1258.3221,10224,9536,9536,0
1751480857905,65,70,7,7,1258.3221,10224,9536,9536,0
1751480857919,0,10000,0,0,500,2000,0,0,0
1751480857929,71,70,12,8,1151.9437,10224,9536,9536,0
1751480857945,71,70,12,8,1151.9437,10224,9536,9536,0
1751480857957,0,10000,0,0,500,2000,0,0,0
1751480857968,73,70,6,8,1229.8319,11347.428,4096,4096,0
1751480857970,73,70,6,8,1229.8319,11347.428,10944,10944,0
1751480857985,73,70,6,8,1229.8319,11347.428,10944,10944,0
1751480857996,0,10000,0,0,500,2000,0,0,0
1751480858006,74,70,5,7,1218.6304,11347.428,10912,10944,0
1751480858025,74,70,5,7,1218.6304,11347.428,10912,10944,0
1751480858037,0,10000,0,0,500,2000,0,0,0
1751480858048,78,70,6,9,1258.201,12381.975,10912,10912,0
1751480858064,78,70,6,9,1258.201,12381.975,10912,10912,0
1751480858077,0,10000,0,0,500,2000,0,0,0
1751480858087,77,70,0,11,1280.6866,12381.975,5440,10912,0
1751480858090,77,70,0,11,1280.6866,12381.975,10912,10912,0
1751480858105,77,70,0,11,1280.6866,12381.975,10912,10912,0
1751480858117,0,10000,0,0,500,2000,0,0,0
1751480858130,78,70,10,11,1356.643,13346.07,10912,10912,0
1751480858145,78,70,10,11,1356.643,13346.07,12288,12288,0
1751480858157,0,10000,0,0,500,2000,0,0,0
1751480858167,82,70,5,13,1300.9581,13346.07,12288,12288,0
1751480858184,82,70,5,13,1300.9581,13346.07,12288,12288,0
1751480858196,0,10000,0,0,500,2000,0,0,0
1751480858207,87,70,6,16,1225.292,13346.07,12288,12288,0
1751480858225,87,70,6,16,1308.3982,14251.276,12288,12288,0
1751480858226,87,70,6,16,1308.3982,14251.276,13664,13664,0
1751480858237,0,10000,0,0,500,2000,0,0,0
1751480858246,87,70,6,16,1308.3982,14251.276,13664,13664,0
1751480858247,89,70,9,18,1276.2673,14251.276,13664,13664,0
1751480858265,89,70,9,18,1276.2673,14251.276,13664,13664,0
1751480858278,0,10000,0,0,500,2000,0,0,0
1751480858289,89,70,11,18,1271.5592,14251.276,13632,13664,0
1751480858305,89,70,11,18,1271.5592,14251.276,13632,13664,0
1751480858316,0,10000,0,0,500,2000,0,0,0
1751480858325,89,70,11,18,1359.5592,15237.557,13632,13632,0
1751480858325,89,70,11,18,951.69147,10666.289,13664,13664,1
1751480858346,89,70,8,18,953.50494,10666.289,10912,13664,0
1751480858357,0,10000,0,0,500,2000,0,0,0
1751480858385,99,70,48,26,857.55634,10666.289,9536,13664,0
1751480858396,0,10000,0,0,500,2000,0,0,0
1751480858407,106,70,46,33,798.1977,10666.289,4096,13664,0
1751480858409,106,70,46,33,798.1977,10666.289,9568,13664,0
1751480858426,106,70,46,33,798.1977,10666.289,9568,13664,0
1751480858437,0,10000,0,0,500,2000,0,0,0
1751480858447,97,70,0,28,1007.49536,12304.217,9568,9568,0
1751480858464,97,70,0,28,1007.49536,12304.217,10944,10944,0
1751480858476,0,10000,0,0,500,2000,0,0,0
1751480858487,89,70,6,20,1104.0052,12304.217,10912,10944,0
1751480858505,89,70,6,20,1104.0052,12304.217,10912,10944,0
1751480858516,0,10000,0,0,500,2000,0,0,0
1751480858531,83,70,0,15,1280.7867,13328.724,5440,5440,0
1751480858534,83,70,0,15,1280.7867,13328.724,12288,12288,0
1751480858545,83,70,0,15,1280.7867,13328.724,12288,12288,0
1751480858557,0,10000,0,0,500,2000,0,0,0
1751480858570,83,70,12,14,1281.9203,13328.724,12288,12288,0
1751480858584,83,70,12,14,1281.9203,13328.724,12288,12288,0
1751480858599,0,10000,0,0,500,2000,0,0,0
1751480858613,84,70,4,14,1269.1567,13328.724,12288,12288,0
1751480858625,84,70,4,14,1353.4513,14213.987,12288,12288,0
1751480858626,84,70,4,14,1353.4513,14213.987,13664,13664,0
1751480858637,0,10000,0,0,500,2000,0,0,0
1751480858649,88,70,7,17,1290.1569,14213.987,13664,13664,0
1751480858665,88,70,7,17,1290.1569,14213.987,13664,13664,0
1751480858674,88,70,7,17,1290.1569,14213.987,13664,13664,0
1751480858676,88,70,7,17,903.1098,9949.791,12288,13664,1
1751480858678,0,10000,0,0,500,2000,0,0,0
1751480858704,85,70,6,15,930.1012,9949.791,9568,13664,0
1751480858717,0,10000,0,0,500,2000,0,0,0
1751480858728,91,70,7,20,989.46075,11361.831,9536,9536,0
1751480858730,91,70,7,20,989.46075,11361.831,10912,10912,0
1751480858745,91,70,7,20,989.46075,11361.831,10912,10912,0
1751480858758,0,10000,0,0,500,2000,0,0,0
1751480858768,91,70,7,20,989.46075,11361.831,10912,10912,0
1751480858768,100,70,48,28,901.301,11361.831,10912,10912,0
1751480858786,100,70,48,28,901.301,11361.831,10912,10912,0
1751480858801,0,10000,0,0,500,2000,0,0,0
1751480858825,98,70,11,26,922.05035,11361.831,10944,10944,0
1751480858838,0,10000,0,0,500,2000,0,0,0
1751480858848,103,70,8,31,940.23364,12203.037,4096,4096,0
1751480858852,103,70,8,31,940.23364,12203.037,10912,10912,0
1751480858865,103,70,8,31,940.23364,12203.037,10912,10912,0
1751480858876,0,10000,0,0,500,2000,0,0,0
1751480858891,101,70,0,30,966.0322,12203.037,10912,10912,0
1751480858904,101,70,0,30,966.0322,12203.037,10912,10912,0
1751480858917,0,10000,0,0,500,2000,0,0,0
1751480858928,92,70,4,23,1054.4645,12203.037,10912,10912,0
1751480858945,92,70,4,23,1116.1553,12916.969,10912,10912,0
1751480858956,0,10000,0,0,500,2000,0,0,0
1751480858966,92,70,5,23,1116.1383,12916.969,12288,12288,0
1751480858985,92,70,5,23,1116.1383,12916.969,12288,12288,0
1751480858997,0,10000,0,0,500,2000,0,0,0
1751480859008,91,70,7,22,1128.6609,12916.969,12288,12288,0
1751480859030,91,70,7,22,1128.6609,12916.969,12288,12288,0
1751480859036,0,10000,0,0,500,2000,0,0,0
1751480859046,92,70,8,22,1206.607,13999.267,12288,12288,0
1751480859066,92,70,8,22,1206.607,13999.267,13632,13632,0
1751480859076,0,10000,0,0,500,2000,0,0,0
1751480859077,97,70,39,26,1154.2249,13999.267,13664,13664,0
1751480859086,97,70,39,26,1154.2249,13999.267,13664,13664,0
1751480859088,97,70,39,26,565.5701,6859.64,10944,13664,1
1751480859105,97,70,39,26,565.5701,6859.64,10944,13664,0
1751480859120,0,10000,0,0,500,2000,0,0,0
1751480859129,97,70,39,26,565.5701,6859.64,10944,13664,0
1751480859131,97,70,39,26,500,2352.8564,6848,13664,1
1751480859145,97,70,39,26,500,3510.778,6848,6848,0
1751480859157,0,10000,0,0,500,2000,0,0,0
1751480859184,100,70,51,28,500,3510.778,5472,6848,0
1751480859197,100,70,51,28,500,3510.778,5472,6848,0
1751480859197,0,10000,0,0,500,2000,0,0,0
1751480859199,100,70,51,28,500,2457.5447,4096,6848,1
1751480859213,111,70,60,38,500,2457.5447,2720,6848,0
1751480859225,111,70,60,38,500,2457.5447,2720,6848,0
1751480859237,0,10000,0,0,500,2000,0,0,0
1751480859264,111,70,60,38,500,4700.1074,2720,2720,0
1751480859277,0,10000,0,0,500,2000,0,0,0
1751480859304,107,70,8,35,500,4700.1074,4096,4096,0
1751480859317,0,10000,0,0,500,2000,0,0,0
1751480859326,97,70,0,32,500,4700.1074,4096,4096,0
1751480859344,97,70,0,32,500,4700.1074,4096,4096,0
1751480859357,0,10000,0,0,500,2000,0,0,0
1751480859368,81,70,0,23,643.5652,6528.237,4096,4096,0
1751480859384,81,70,0,23,643.5652,6528.237,5440,5440,0
1751480859396,0,10000,0,0,500,2000,0,0,0
1751480859406,71,70,0,19,733.3873,6528.237,5472,5472,0
1751480859424,71,70,0,19,733.3873,6528.237,5472,5472,0
1751480859436,0,10000,0,0,500,2000,0,0,0
1751480859447,63,70,0,13,818.1918,6528.237,5440,5440,0
1751480859465,63,70,0,13,818.1918,6528.237,5440,5440,0
1751480859477,0,10000,0,0,500,2000,0,0,0
1751480859487,55,70,0,9,936.0908,6528.237,5440,5440,0
1751480859506,55,70,0,9,1037.805,7237.585,5440,5440,0
1751480859508,55,70,0,9,1037.805,7237.585,6816,6816,0
1751480859518,0,10000,0,0,500,2000,0,0,0
1751480859528,54,70,0,7,1055.3793,7237.585,6816,6816,0
1751480859545,54,70,0,7,1055.3793,7237.585,6816,6816,0
1751480859556,0,10000,0,0,500,2000,0,0,0
1751480859566,53,70,0,5,1225.3241,8160,6848,6848,0
1751480859585,53,70,0,5,1225.3241,8160,6848,6848,0
1751480859597,0,10000,0,0,500,2000,0,0,0
1751480859607,51,70,0,4,1276.1647,8160,6816,6848,0
1751480859625,51,70,0,4,1398.1554,8940.028,6816,6816,0
1751480859629,51,70,0,4,1398.1554,8940.028,8192,8192,0
1751480859637,0,10000,0,0,500,2000,0,0,0
1751480859648,51,70,0,4,1385.1323,8940.028,8192,8192,0
1751480859663,51,70,0,4,1385.1323,8940.028,8192,8192,0
1751480859678,0,10000,0,0,500,2000,0,0,0
1751480859688,56,70,0,4,1444.705,10201.631,8192,8192,0
1751480859704,56,70,0,4,1444.705,10201.631,9536,9536,0
1751480859716,0,10000,0,0,500,2000,0,0,0
1751480859728,59,70,0,4,1375.705,10201.631,9536,9536,0
1751480859745,59,70,0,4,1375.705,10201.631,9536,9536,0
1751480859758,0,10000,0,0,500,2000,0,0,0
1751480859768,65,70,0,5,1373.9529,11327.104,4096,4096,0
1751480859771,65,70,0,5,1373.9529,11327.104,10944,10944,0
1751480859784,65,70,0,5,1373.9529,11327.104,10944,10944,0
1751480859796,0,10000,0,0,500,2000,0,0,0
1751480859806,69,70,6,5,1297.7095,11327.104,10944,10944,0
1751480859825,69,70,6,5,1297.7095,11327.104,10944,10944,0
1751480859838,0,10000,0,0,500,2000,0,0,0
1751480859849,73,70,7,6,1349.577,12363.163,10912,10912,0
1751480859864,73,70,7,6,1349.577,12363.163,10912,10912,0
1751480859877,0,10000,0,0,500,2000,0,0,0
1751480859888,79,70,10,10,1245.3671,12363.163,10912,10912,0
1751480859905,79,70,10,10,1245.3671,12363.163,10912,10912,0
1751480859918,0,10000,0,0,500,2000,0,0,0
1751480859928,82,70,7,12,1197.6395,12363.163,5440,10912,0
1751480859930,82,70,7,12,1197.6395,12363.163,10912,10912,0
1751480859940,82,70,7,12,1291.147,13328.436,10912,10912,0
1751480859941,82,70,7,12,903.8028,9329.904,10944,10944,1
1751480859945,82,70,7,12,903.8028,9329.904,10944,10944,0
1751480859956,0,10000,0,0,500,2000,0,0,0
1751480859985,81,70,6,11,910.7737,9329.904,9568,10944,0
1751480859995,0,10000,0,0,500,2000,0,0,0
1751480860004,81,70,6,11,910.7737,9329.904,9568,10944,0
1751480860005,81,70,6,11,500,4571.6533,6848,10944,1
1751480860025,79,70,4,9,578.2999,5775.2666,4096,4096,0
1751480860025,79,70,4,9,578.2999,5775.2666,5472,5472,0
1751480860037,0,10000,0,0,500,2000,0,0,0
1751480860064,87,70,34,15,530.2957,5775.2666,5440,5472,0
1751480860077,0,10000,0,0,500,2000,0,0,0
1751480860088,81,70,0,12,567.39343,5775.2666,5472,5472,0
1751480860105,81,70,0,12,567.39343,5775.2666,5472,5472,0
1751480860117,0,10000,0,0,500,2000,0,0,0
1751480860129,68,70,0,8,902.406,7768.558,5440,5440,0
1751480860137,68,70,0,8,902.406,7768.558,6816,6816,0
1751480860144,68,70,0,8,902.406,7768.558,6816,6816,0
1751480860157,0,10000,0,0,500,2000,0,0,0
1751480860184,65,70,0,7,953.7911,7768.558,6848,6848,0
1751480860197,0,10000,0,0,500,2000,0,0,0
1751480860207,69,70,0,6,942.67126,8208,6816,6816,0
1751480860225,69,70,0,6,942.67126,8208,6816,6816,0
1751480860237,0,10000,0,0,500,2000,0,0,0
1751480860251,60,70,0,4,1087.7408,8208,1344,6816,0
1751480860254,60,70,0,4,1087.7408,8208,6816,6816,0
1751480860264,60,70,0,4,1087.7408,8208,6816,6816,0
1751480860277,0,10000,0,0,500,2000,0,0,0
1751480860287,55,70,0,3,1367.8049,9565.052,6816,6816,0
1751480860305,55,70,0,3,1367.8049,9565.052,8192,8192,0
1751480860321,0,10000,0,0,500,2000,0,0,0
1751480860332,57,70,0,3,1339.739,9565.052,8192,8192,0
1751480860344,57,70,0,3,1339.739,9565.052,8192,8192,0
1751480860370,0,10000,0,0,500,2000,0,0,0
1751480860385,61,70,0,4,1332.8335,10224,8192,8192,0
1751480860385,61,70,0,4,1332.8335,10224,9568,9568,0
1751480860399,0,10000,0,0,500,2000,0,0,0
1751480860409,61,70,0,4,1331.382,10224,9568,9568,0
1751480860427,61,70,0,4,1331.382,10224,9568,9568,0
1751480860438,0,10000,0,0,500,2000,0,0,0
1751480860449,62,70,0,3,1446.1476,11351.197,9568,9568,0
1751480860465,62,70,0,3,1446.1476,11351.197,10912,10912,0
1751480860477,0,10000,0,0,500,2000,0,0,0
1751480860489,69,70,8,5,1305.5516,11351.197,5440,10912,0
1751480860492,69,70,8,5,1305.5516,11351.197,10912,10912,0
1751480860505,69,70,8,5,1305.5516,11351.197,10912,10912,0
1751480860517,0,10000,0,0,500,2000,0,0,0
1751480860536,72,70,6,5,1370.8958,12385.464,10912,10912,0
1751480860545,72,70,6,5,1370.8958,12385.464,12288,12288,0
1751480860557,0,10000,0,0,500,2000,0,0,0
1751480860566,75,70,3,7,1311.0814,12385.464,12288,12288,0
1751480860585,75,70,3,7,1311.0814,12385.464,12288,12288,0
1751480860600,0,10000,0,0,500,2000,0,0,0
1751480860612,84,70,4,13,1175.364,12385.464,12288,12288,0
1751480860627,84,70,4,13,1253.6802,13210.725,12288,12288,0
1751480860637,0,10000,0,0,500,2000,0,0,0
1751480860642,84,70,4,13,1253.6802,13210.725,12288,12288,0
1751480860644,84,70,4,13,614.3032,6473.255,9568,12288,1
1751480860664,85,70,10,15,602.64874,6473.255,6848,12288,0
1751480860677,0,10000,0,0,500,2000,0,0,0
1751480860691,90,70,6,18,572.9254,6473.255,5472,12288,0
1751480860691,90,70,6,18,572.9254,6473.255,5472,12288,0
1751480860706,90,70,6,18,572.9254,6473.255,5472,12288,0
1751480860716,0,10000,0,0,500,2000,0,0,0
1751480860736,93,70,43,21,685.1854,7998.0684,5440,5440,0
1751480860740,93,70,43,21,685.1854,7998.0684,6816,6816,0
1751480860746,93,70,43,21,685.1854,7998.0684,6816,6816,0
1751480860757,0,10000,0,0,500,2000,0,0,0
1751480860772,88,70,8,17,720.35406,7998.0684,6816,6816,0
1751480860784,88,70,8,17,720.35406,7998.0684,6816,6816,0
1751480860797,0,10000,0,0,500,2000,0,0,0
1751480860811,78,70,0,13,812.98627,7998.0684,6816,6816,0
1751480860826,78,70,0,13,926.69995,9116.771,6816,6816,0
1751480860837,0,10000,0,0,500,2000,0,0,0
1751480860850,73,70,0,10,990.9525,9116.771,8192,8192,0
1751480860866,73,70,0,10,990.9525,9116.771,8192,8192,0
1751480860876,0,10000,0,0,500,2000,0,0,0
1751480860887,70,70,0,9,1038.6149,9116.771,8192,8192,0
1751480860905,70,70,0,9,1158.3213,10167.533,8192,8192,0
1751480860916,0,10000,0,0,500,2000,0,0,0
1751480860927,68,70,0,7,1190.9355,10167.533,2752,8192,0
1751480860930,68,70,0,7,1190.9355,10167.533,9568,9568,0
1751480860944,68,70,0,7,1190.9355,10167.533,9568,9568,0
1751480860958,0,10000,0,0,500,2000,0,0,0
1751480860968,63,70,0,6,1288.1608,10167.533,9568,9568,0
1751480860986,63,70,0,6,1451.7804,11458.993,9568,9568,0
1751480860996,0,10000,0,0,500,2000,0,0,0
1751480861010,68,70,8,6,1339.1854,11458.993,10912,10912,0
1751480861025,68,70,8,6,1339.1854,11458.993,10912,10912,0
1751480861036,0,10000,0,0,500,2000,0,0,0
1751480861055,72,70,7,7,1263.2407,11458.993,5440,10912,0
1751480861059,72,70,7,7,1376.3843,12485.33,10912,10912,0
1751480861065,72,70,7,7,1376.3843,12485.33,12288,12288,0
1751480861077,0,10000,0,0,500,2000,0,0,0
1751480861090,75,70,9,7,1326.581,12485.33,12288,12288,0
1751480861106,75,70,9,7,928.6066,8739.73,10944,12288,1
1751480861119,0,10000,0,0,500,2000,0,0,0
1751480861146,73,70,0,5,1050.7949,9699.027,8192,8192,0
1751480861147,73,70,0,5,1050.7949,9699.027,9568,9568,0
1751480861159,0,10000,0,0,500,2000,0,0,0
1751480861171,81,70,9,11,950.74915,9699.027,9568,9568,0
1751480861184,81,70,9,11,950.74915,9699.027,9568,9568,0
1751480861198,0,10000,0,0,500,2000,0,0,0
1751480861210,86,70,0,16,895.46106,9699.027,5472,9568,0
1751480861213,86,70,0,16,895.46106,9699.027,9568,9568,0
1751480861225,86,70,0,16,895.46106,9699.027,9568,9568,0
1751480861236,0,10000,0,0,500,2000,0,0,0
1751480861248,84,70,5,14,1064.1628,11222.416,9568,9568,0
1751480861264,84,70,5,14,1064.1628,11222.416,10912,10912,0
1751480861280,0,10000,0,0,500,2000,0,0,0
1751480861291,82,70,8,12,1083.834,11222.416,10912,10912,0
1751480861306,82,70,8,12,1083.834,11222.416,10912,10912,0
1751480861316,0,10000,0,0,500,2000,0,0,0
1751480861327,81,70,7,11,1106.654,11222.416,5440,10912,0
1751480861330,81,70,7,11,1203.735,12206.899,10912,10912,0
1751480861345,81,70,7,11,1203.735,12206.899,10912,10912,0
1751480861358,0,10000,0,0,500,2000,0,0,0
1751480861372,82,70,6,11,1186.3441,12206.899,10912,10912,0
1751480861383,82,70,6,11,1186.3441,12206.899,10912,10912,0
1751480861399,0,10000,0,0,500,2000,0,0,0
1751480861402,82,70,6,11,1186.3441,12206.899,10912,10912,0
1751480861407,82,70,6,11,830.4408,8544.829,9568,10912,1
1751480861425,82,70,11,11,910.1623,9353.759,8192,8192,0
1751480861436,0,10000,0,0,500,2000,0,0,0
1751480861446,86,70,3,15,863.9353,9353.759,8192,8192,0
1751480861464,86,70,3,15,863.9353,9353.759,8192,8192,0
1751480861477,86,70,3,15,863.9353,9353.759,8192,8192,0
1751480861477,0,10000,0,0,500,2000,0,0,0
1751480861478,86,70,3,15,604.7547,6547.631,6816,8192,1
1751480861505,83,70,0,13,627.72504,6547.631,5440,8192,0
1751480861516,0,10000,0,0,500,2000,0,0,0
1751480861528,82,70,10,12,818.36255,8456.295,0,0,0
1751480861531,82,70,10,12,818.36255,8456.295,8192,8192,0
1751480861547,82,70,10,12,818.36255,8456.295,8192,8192,0
1751480861556,0,10000,0,0,500,2000,0,0,0
1751480861567,76,70,0,11,880.78064,8456.295,8192,8192,0
1751480861585,76,70,0,11,880.78064,8456.295,8192,8192,0
1751480861598,0,10000,0,0,500,2000,0,0,0
1751480861611,76,70,6,9,987.9299,9495.683,8192,8192,0
1751480861626,76,70,6,9,987.9299,9495.683,8192,8192,0
1751480861636,0,10000,0,0,500,2000,0,0,0
1751480861649,67,70,0,7,1117.4989,9495.683,8192,8192,0
1751480861664,67,70,0,7,1117.4989,9495.683,8192,8192,0
1751480861676,0,10000,0,0,500,2000,0,0,0
1751480861687,66,70,0,6,1281.056,10653.309,2720,2720,0
1751480861690,66,70,0,6,1281.056,10653.309,9568,9568,0
1751480861705,66,70,0,6,1281.056,10653.309,9568,9568,0
1751480861717,0,10000,0,0,500,2000,0,0,0
1751480861735,67,70,0,6,1266.4581,10653.309,9568,9568,0
1751480861746,67,70,0,6,1266.4581,10653.309,9568,9568,0
1751480861757,0,10000,0,0,500,2000,0,0,0
1751480861771,72,70,7,7,1304.6271,11742.793,9536,9536,0
1751480861773,72,70,7,7,1304.6271,11742.793,10912,10912,0
1751480861785,72,70,7,7,1304.6271,11742.793,10912,10912,0
1751480861796,0,10000,0,0,500,2000,0,0,0
1751480861821,69,70,0,5,1354.7524,11742.793,10944,10944,0
1751480861826,69,70,0,5,1354.7524,11742.793,10944,10944,0
1751480861836,0,10000,0,0,500,2000,0,0,0
1751480861849,72,70,6,6,1413.8375,12745.586,10944,10944,0
1751480861864,72,70,6,6,1413.8375,12745.586,12288,12288,0
1751480861877,0,10000,0,0,500,2000,0,0,0
1751480861885,72,70,6,6,1413.8375,12745.586,12288,12288,0
1751480861888,72,70,6,6,989.6863,8921.91,10912,12288,1
1751480861891,71,70,0,4,996.4841,8921.91,8192,12288,0
1751480861906,71,70,0,4,996.4841,8921.91,8192,12288,0
1751480861915,0,10000,0,0,500,2000,0,0,0
1751480861922,71,70,0,4,1048.8387,9390.662,8192,8192,0
1751480861923,71,70,0,4,734.18713,6573.4634,6816,8192,1
1751480861945,72,70,7,4,725.79456,6573.4634,5472,8192,0
1751480861958,0,10000,0,0,500,2000,0,0,0
1751480861972,72,70,7,4,725.79456,6573.4634,5472,8192,0
1751480861975,87,70,37,16,597.79083,6573.4634,1376,8192,0
1751480861976,87,70,37,16,597.79083,6573.4634,5472,8192,0
1751480861984,87,70,37,16,597.79083,6573.4634,5472,8192,0
1751480861997,0,10000,0,0,500,2000,0,0,0
1751480862026,84,70,0,17,746.74133,7869.3174,5440,5440,0
1751480862026,84,70,0,17,746.74133,7869.3174,6816,6816,0
1751480862038,0,10000,0,0,500,2000,0,0,0
1751480862048,74,70,0,13,848.1165,7869.3174,6816,6816,0
1751480862075,74,70,0,13,848.1165,7869.3174,6816,6816,0
1751480862076,0,10000,0,0,500,2000,0,0,0
1751480862116,71,70,0,10,989.3124,8827.3955,6816,6816,0
1751480862116,0,10000,0,0,500,2000,0,0,0
1751480862116,71,70,0,10,989.3124,8827.3955,8192,8192,0
1751480862129,73,70,7,9,959.46686,8827.3955,8192,8192,0
1751480862144,73,70,7,9,959.46686,8827.3955,8192,8192,0
1751480862157,0,10000,0,0,500,2000,0,0,0
1751480862168,66,70,0,7,1069.3934,8827.3955,8192,8192,0
1751480862190,66,70,0,7,1201.6666,9919.256,8192,8192,0
1751480862196,0,10000,0,0,500,2000,0,0,0
1751480862206,69,70,6,6,1137.7148,9919.256,9568,9568,0
1751480862225,69,70,6,6,1137.7148,9919.256,9568,9568,0
1751480862235,0,10000,0,0,500,2000,0,0,0
1751480862247,72,70,7,7,1092.1317,9919.256,9568,9568,0
1751480862266,72,70,7,7,1201.1007,10908.964,9568,9568,0
1751480862277,0,10000,0,0,500,2000,0,0,0
1751480862289,74,70,9,7,1172.3324,10908.964,9568,9568,0
1751480862306,74,70,9,7,1172.3324,10908.964,9568,9568,0
1751480862317,0,10000,0,0,500,2000,0,0,0
1751480862343,74,70,9,7,629.12646,5854.242,6816,6816,1
1751480862357,77,70,28,9,603.9515,5854.242,5472,6816,0
1751480862357,0,10000,0,0,500,2000,0,0,0
1751480862358,77,70,28,9,500,2868.5784,2720,6816,1
1751480862384,77,70,28,9,500,2868.5784,2720,6816,0
1751480862391,77,70,28,9,500,2868.5784,2720,6816,0
1751480862391,77,70,28,9,500,2000,0,6816,1
1751480862397,0,10000,0,0,500,2000,0,0,0
1751480862426,77,70,28,9,500,2674.9817,2720,2720,0
1751480862436,0,10000,0,0,500,2000,0,0,0
1751480862466,77,70,28,9,500,2674.9817,2720,2720,0
1751480862477,0,10000,0,0,500,2000,0,0,0
1751480862488,73,21,40,15,500,2674.9817,2752,2752,0
1751480862505,73,21,40,15,500,3712.792,2752,2752,0
1751480862516,0,10000,0,0,500,2000,0,0,0
1751480862540,67,21,26,17,500,3712.792,2720,2752,0
1751480862545,67,21,26,17,500,3712.792,2720,2752,0
1751480862557,0,10000,0,0,500,2000,0,0,0
1751480862589,57,21,5,15,569.4983,4128,2720,2720,0
1751480862591,57,21,5,15,569.4983,4128,4096,4096,0
1751480862597,0,10000,0,0,500,2000,0,0,0
1751480862626,57,21,5,15,569.4983,4128,4096,4096,0
1751480862637,0,10000,0,0,500,2000,0,0,0
1751480862647,57,21,36,20,569.70764,4128,4096,4096,0
1751480862669,57,21,36,20,569.70764,4128,4096,4096,0
1751480862676,0,10000,0,0,500,2000,0,0,0
1751480862704,54,21,23,21,705.24786,4841.315,4096,4096,0
1751480862716,0,10000,0,0,500,2000,0,0,0
1751480862727,49,21,0,20,781.34045,4841.315,4096,4096,0
1751480862745,49,21,0,20,781.34045,4841.315,4096,4096,0
1751480862756,0,10000,0,0,500,2000,0,0,0
1751480862772,47,21,19,20,1034.6227,6144,4096,4096,0
1751480862786,47,21,19,20,1034.6227,6144,5440,5440,0
1751480862797,0,10000,0,0,500,2000,0,0,0
1751480862797,47,21,6,21,1031.1722,6144,5472,5472,0
1751480862826,47,21,6,21,1031.1722,6144,5472,5472,0
1751480862837,0,10000,0,0,500,2000,0,0,0
1751480862849,52,21,28,27,941.80774,6144,5440,5472,0
1751480862868,52,21,28,27,941.80774,6144,5440,5472,0
1751480862876,0,10000,0,0,500,2000,0,0,0
1751480862888,48,21,16,25,1251.2161,7641.1733,5472,5472,0
1751480862904,48,21,16,25,1251.2161,7641.1733,6816,6816,0
1751480862918,0,10000,0,0,500,2000,0,0,0
1751480862939,56,21,28,32,1088.3964,7641.1733,1344,6816,0
1751480862940,56,21,28,32,1088.3964,7641.1733,6816,6816,0
1751480862945,56,21,28,32,1127.9343,7918.753,6816,6816,0
1751480862956,0,10000,0,0,500,2000,0,0,0
1751480862985,53,21,5,30,1189.7948,7918.753,6816,6816,0
1751480862999,0,10000,0,0,500,2000,0,0,0
1751480863014,58,21,48,35,1094.3997,8044.425,6816,6816,0
1751480863025,58,21,48,35,1094.3997,8044.425,6816,6816,0
1751480863037,0,10000,0,0,500,2000,0,0,0
1751480863050,52,21,10,31,1216.9954,8044.425,1344,6816,0
1751480863052,52,21,10,31,1216.9954,8044.425,6816,6816,0
1751480863074,52,21,10,31,1297.7048,8577.92,6816,6816,0
1751480863076,0,10000,0,0,500,2000,0,0,0
1751480863090,52,21,13,31,1297.332,8577.92,8192,8192,0
1751480863104,52,21,13,31,1297.332,8577.92,8192,8192,0
1751480863117,0,10000,0,0,500,2000,0,0,0
1751480863145,58,21,53,35,1155.3711,8388.458,8192,8192,0
1751480863156,0,10000,0,0,500,2000,0,0,0
1751480863172,63,21,1,41,1052.9772,8388.458,8192,8192,0
1751480863172,63,21,1,41,1052.9772,8388.458,8192,8192,0
1751480863184,63,21,1,41,1052.9772,8388.458,8192,8192,0
1751480863199,0,10000,0,0,500,2000,0,0,0
1751480863211,57,21,16,36,1194.2596,8648.934,8192,8192,0
1751480863232,57,21,16,36,1194.2596,8648.934,8192,8192,0
1751480863240,0,10000,0,0,500,2000,0,0,0
1751480863252,64,21,56,42,1070.9429,8648.934,8192,8192,0
1751480863264,64,21,56,42,1070.9429,8648.934,8192,8192,0
1751480863276,0,10000,0,0,500,2000,0,0,0
1751480863289,64,21,15,42,960.6429,7746.409,8192,8192,0
1751480863305,64,21,15,42,960.6429,7746.409,8192,8192,0
1751480863316,0,10000,0,0,500,2000,0,0,0
1751480863334,64,21,19,42,963.30444,7746.409,6848,8192,0
1751480863346,64,21,19,42,963.30444,7746.409,6848,8192,0
1751480863357,0,10000,0,0,500,2000,0,0,0
1751480863367,69,21,58,46,734.31726,6363.5605,6848,6848,0
1751480863385,69,21,58,46,734.31726,6363.5605,6848,6848,0
1751480863396,0,10000,0,0,500,2000,0,0,0
1751480863407,63,21,18,42,795.6398,6363.5605,5472,6848,0
1751480863424,63,21,18,42,795.6398,6363.5605,5472,6848,0
1751480863438,0,10000,0,0,500,2000,0,0,0
1751480863448,59,21,18,39,888.00604,6656.1587,5472,5472,0
1751480863465,59,21,18,39,888.00604,6656.1587,5472,5472,0
1751480863476,0,10000,0,0,500,2000,0,0,0
1751480863485,59,21,15,38,901.2873,6656.1587,5472,5472,0
1751480863505,59,21,15,38,901.2873,6656.1587,5472,5472,0
1751480863516,0,10000,0,0,500,2000,0,0,0
1751480863530,59,21,23,39,899.5503,6726.78,5472,5472,0
1751480863545,59,21,23,39,899.5503,6726.78,5472,5472,0
1751480863558,0,10000,0,0,500,2000,0,0,0
1751480863572,53,21,20,34,1000.0537,6726.78,5472,5472,0
1751480863584,53,21,20,34,1000.0537,6726.78,5472,5472,0
1751480863595,0,10000,0,0,500,2000,0,0,0
1751480863612,54,21,14,34,1072.1494,7261.0044,5472,5472,0
1751480863624,54,21,14,34,1072.1494,7261.0044,6848,6848,0
1751480863638,0,10000,0,0,500,2000,0,0,0
1751480863648,54,21,17,33,1067.8065,7261.0044,6816,6848,0
1751480863663,54,21,17,33,1067.8065,7261.0044,6816,6848,0
1751480863684,0,10000,0,0,500,2000,0,0,0
1751480863695,53,21,24,33,1147.7675,7741.5156,6816,6816,0
1751480863705,53,21,24,33,1147.7675,7741.5156,6816,6816,0
1751480863716,0,10000,0,0,500,2000,0,0,0
1751480863727,56,21,10,35,1104.5793,7741.5156,6816,6816,0
1751480863744,56,21,10,35,1104.5793,7741.5156,6816,6816,0
1751480863756,0,10000,0,0,500,2000,0,0,0
1751480863773,55,21,23,34,1214.0543,8474.986,0,0,0
1751480863779,55,21,23,34,1214.0543,8474.986,8192,8192,0
1751480863786,55,21,23,34,1214.0543,8474.986,8192,8192,0
1751480863798,0,10000,0,0,500,2000,0,0,0
1751480863811,52,21,10,32,1284.0793,8474.986,8192,8192,0
1751480863828,52,21,10,32,1257.1052,8296.955,8192,8192,0
1751480863836,0,10000,0,0,500,2000,0,0,0
1751480863849,59,21,48,37,1107.374,8296.955,8192,8192,0
1751480863871,59,21,48,37,1107.374,8296.955,8192,8192,0
1751480863876,0,10000,0,0,500,2000,0,0,0
1751480863889,64,21,18,42,1024.2352,8296.955,8192,8192,0
1751480863904,64,21,18,42,932.64667,7555.03,8192,8192,0
1751480863917,0,10000,0,0,500,2000,0,0,0
1751480863928,65,21,17,43,920.01526,7555.03,6848,8192,0
1751480863944,65,21,17,43,920.01526,7555.03,6848,8192,0
1751480863957,0,10000,0,0,500,2000,0,0,0
1751480863972,65,21,18,43,846.42224,6888.3657,6848,6848,0
1751480863984,65,21,18,43,846.42224,6888.3657,6848,6848,0
1751480863997,0,10000,0,0,500,2000,0,0,0
1751480864008,61,21,17,40,893.6425,6888.3657,6816,6848,0
1751480864024,61,21,17,40,893.6425,6888.3657,6816,6848,0
1751480864037,0,10000,0,0,500,2000,0,0,0
1751480864050,58,21,19,38,987.22345,7212.3125,6816,6816,0
1751480864065,58,21,19,38,987.22345,7212.3125,6816,6816,0
1751480864077,0,10000,0,0,500,2000,0,0,0
1751480864088,60,21,16,39,956.6343,7212.3125,6816,6816,0
1751480864105,60,21,16,39,956.6343,7212.3125,6816,6816,0
1751480864117,0,10000,0,0,500,2000,0,0,0
1751480864131,58,21,19,38,1005.57654,7410.9077,1344,1344,0
1751480864135,58,21,19,38,1005.57654,7410.9077,6816,6816,0
1751480864146,58,21,19,38,1005.57654,7410.9077,6816,6816,0
1751480864157,0,10000,0,0,500,2000,0,0,0
1751480864169,54,21,11,34,1079.7089,7410.9077,6816,6816,0
1751480864184,54,21,11,34,1079.7089,7410.9077,6816,6816,0
1751480864201,0,10000,0,0,500,2000,0,0,0
1751480864213,58,21,22,37,1033.3401,7523.677,6816,6816,0
1751480864224,58,21,22,37,1033.3401,7523.677,6816,6816,0
1751480864235,0,10000,0,0,500,2000,0,0,0
1751480864247,59,21,11,38,1017.67596,7523.677,6816,6816,0
1751480864266,59,21,11,38,1017.67596,7523.677,6816,6816,0
1751480864280,0,10000,0,0,500,2000,0,0,0
1751480864291,58,21,20,37,1067.8408,7771.369,6848,6848,0
1751480864306,58,21,20,37,1067.8408,7771.369,6848,6848,0
1751480864318,0,10000,0,0,500,2000,0,0,0
1751480864332,55,21,16,35,1117.0236,7771.369,6848,6848,0
1751480864346,55,21,16,35,1117.0236,7771.369,6848,6848,0
1751480864355,0,10000,0,0,500,2000,0,0,0
1751480864368,57,21,13,36,1105.9664,7928.1313,6848,6848,0
1751480864385,57,21,13,36,1105.9664,7928.1313,6848,6848,0
1751480864397,0,10000,0,0,500,2000,0,0,0
1751480864408,58,21,17,37,1080.9441,7928.1313,6848,6848,0
1751480864426,58,21,17,37,1080.9441,7928.1313,6848,6848,0
1751480864437,0,10000,0,0,500,2000,0,0,0
1751480864449,58,21,19,37,1101.709,8057.5,6816,6816,0
1751480864465,58,21,19,37,1101.709,8057.5,6816,6816,0
1751480864479,0,10000,0,0,500,2000,0,0,0
1751480864490,56,21,19,35,1138.6188,8057.5,6816,6816,0
1751480864506,56,21,19,35,1094.0498,7742.105,6816,6816,0
1751480864517,0,10000,0,0,500,2000,0,0,0
1751480864539,56,21,16,35,1103.1932,7742.105,1344,6816,0
1751480864541,56,21,16,35,1103.1932,7742.105,6816,6816,0
1751480864544,56,21,16,35,1103.1932,7742.105,6816,6816,0
1751480864557,0,10000,0,0,500,2000,0,0,0
1751480864585,55,21,6,34,1192.288,8198.774,6816,6816,0
1751480864600,0,10000,0,0,500,2000,0,0,0
1751480864613,56,21,5,35,1166.7405,8198.774,1344,6816,0
1751480864616,56,21,5,35,1166.7405,8198.774,6816,6816,0
1751480864625,56,21,5,35,1166.7405,8198.774,6816,6816,0
1751480864636,0,10000,0,0,500,2000,0,0,0
1751480864665,53,21,7,32,1325.8572,8819.343,6816,6816,0
1751480864667,53,21,7,32,1325.8572,8819.343,8192,8192,0
1751480864678,0,10000,0,0,500,2000,0,0,0
1751480864687,59,21,49,37,1195.1819,8819.343,8192,8192,0
1751480864706,59,21,49,37,1195.1819,8819.343,8192,8192,0
1751480864717,0,10000,0,0,500,2000,0,0,0
1751480864726,56,21,16,35,1262.9904,8992.78,8192,8192,0
1751480864744,56,21,16,35,1262.9904,8992.78,8192,8192,0
1751480864756,0,10000,0,0,500,2000,0,0,0
1751480864766,54,21,18,34,1311.1135,8992.78,1376,8192,0
1751480864769,54,21,18,34,1311.1135,8992.78,8192,8192,0
1751480864783,54,21,18,34,1327.1931,9103.068,8192,8192,0
1751480864797,0,10000,0,0,500,2000,0,0,0
1751480864807,53,21,16,32,1362.288,9103.068,8192,8192,0
1751480864826,53,21,16,32,1362.288,9103.068,8192,8192,0
1751480864837,0,10000,0,0,500,2000,0,0,0
1751480864848,58,21,18,37,1217.6271,8964.844,8192,8192,0
1751480864865,58,21,18,37,1217.6271,8964.844,8192,8192,0
1751480864885,0,10000,0,0,500,2000,0,0,0
1751480864907,65,21,67,42,1089.3939,8964.844,8192,8192,0
1751480864917,0,10000,0,0,500,2000,0,0,0
1751480864929,72,21,59,48,758.05426,6834.2075,8192,8192,0
1751480864945,72,21,59,48,758.05426,6834.2075,8192,8192,0
1751480864956,0,10000,0,0,500,2000,0,0,0
1751480864991,65,21,14,44,830.40735,6834.2075,5440,8192,0
1751480864996,0,10000,0,0,500,2000,0,0,0
1751480865010,70,21,57,47,651.4397,5702.284,5440,5440,0
1751480865026,70,21,57,47,651.4397,5702.284,5440,5440,0
1751480865038,0,10000,0,0,500,2000,0,0,0
1751480865050,58,21,17,38,778.83594,5702.284,0,5440,0
1751480865052,58,21,17,38,778.83594,5702.284,5472,5472,0
1751480865064,58,21,17,38,778.83594,5702.284,5472,5472,0
1751480865078,0,10000,0,0,500,2000,0,0,0
1751480865105,53,21,14,33,1011.3218,6734.373,5440,5440,0
1751480865116,0,10000,0,0,500,2000,0,0,0
1751480865127,53,21,0,33,1001.3788,6734.373,5440,5440,0
1751480865148,53,21,0,33,1001.3788,6734.373,5440,5440,0
1751480865157,0,10000,0,0,500,2000,0,0,0
1751480865176,53,21,25,33,1123.8376,7539.734,5440,5440,0
1751480865180,53,21,25,33,1123.8376,7539.734,6816,6816,0
1751480865185,53,21,25,33,1123.8376,7539.734,6816,6816,0
1751480865198,0,10000,0,0,500,2000,0,0,0
1751480865227,55,21,50,35,1078.7727,7539.734,6848,6848,0
1751480865237,0,10000,0,0,500,2000,0,0,0
1751480865247,61,21,46,39,885.93585,6833.1924,6816,6816,0
1751480865265,61,21,46,39,885.93585,6833.1924,6816,6816,0
1751480865277,0,10000,0,0,500,2000,0,0,0
1751480865288,56,21,18,35,967.9426,6833.1924,5472,6816,0
1751480865305,56,21,18,35,956.3335,6751.238,5472,5472,0
1751480865316,0,10000,0,0,500,2000,0,0,0
1751480865330,62,21,59,40,868.717,6751.238,5472,5472,0
1751480865344,62,21,59,40,868.717,6751.238,5472,5472,0
1751480865357,0,10000,0,0,500,2000,0,0,0
1751480865370,60,21,18,38,906.3638,6819.4814,5472,5472,0
1751480865394,60,21,18,38,906.3638,6819.4814,5472,5472,0
1751480865397,0,10000,0,0,500,2000,0,0,0
1751480865425,60,21,18,38,906.3638,6819.4814,5472,5472,0
1751480865436,0,10000,0,0,500,2000,0,0,0
1751480865447,66,21,54,44,697.21674,5822.0073,5440,5440,0
1751480865464,66,21,54,44,697.21674,5822.0073,5440,5440,0
1751480865476,0,10000,0,0,500,2000,0,0,0
1751480865487,58,21,18,37,802.7171,5822.0073,5440,5440,0
1751480865504,58,21,18,37,802.7171,5822.0073,5440,5440,0
1751480865521,0,10000,0,0,500,2000,0,0,0
1751480865533,55,21,22,35,988.21826,6870.939,0,0,0
1751480865534,55,21,22,35,988.21826,6870.939,5472,5472,0
1751480865544,55,21,22,35,988.21826,6870.939,5472,5472,0
1751480865557,0,10000,0,0,500,2000,0,0,0
1751480865588,50,21,12,30,1133.7416,7166.8286,5440,5440,0
1751480865591,50,21,12,30,1133.7416,7166.8286,6816,6816,0
1751480865596,0,10000,0,0,500,2000,0,0,0
1751480865624,55,21,51,34,1027.6261,7166.8286,6816,6816,0
1751480865637,0,10000,0,0,500,2000,0,0,0
1751480865659,57,21,13,36,1031.853,7381.7915,1344,1344,0
1751480865663,57,21,13,36,1031.853,7381.7915,6816,6816,0
1751480865677,0,10000,0,0,500,2000,0,0,0
1751480865704,53,21,4,33,1096.0262,7381.7915,6816,6816,0
1751480865716,0,10000,0,0,500,2000,0,0,0
1751480865727,53,21,1,32,1219.1184,8141.8535,1344,1344,0
1751480865729,53,21,1,32,1219.1184,8141.8535,6816,6816,0
1751480865744,53,21,1,32,1219.1184,8141.8535,6816,6816,0
1751480865755,0,10000,0,0,500,2000,0,0,0
1751480865766,50,21,15,30,1296.2974,8141.8535,6816,6816,0
1751480865784,50,21,15,30,1378.8617,8660.429,6816,6816,0
1751480865797,0,10000,0,0,500,2000,0,0,0
1751480865807,53,21,19,32,1304.183,8660.429,8192,8192,0
1751480865826,53,21,19,32,1304.183,8660.429,8192,8192,0
1751480865836,0,10000,0,0,500,2000,0,0,0
1751480865847,50,21,17,30,1569.6564,9956.025,2720,2720,0
1751480865849,50,21,17,30,1569.6564,9956.025,9568,9568,0
1751480865865,50,21,17,30,1569.6564,9956.025,9568,9568,0
1751480865879,0,10000,0,0,500,2000,0,0,0
1751480865894,55,21,19,34,1423.4995,9956.025,9568,9568,0
1751480865905,55,21,19,34,1377.5007,9634.308,9568,9568,0
1751480865917,0,10000,0,0,500,2000,0,0,0
1751480865929,65,21,58,42,1171.3542,9634.308,9536,9568,0
1751480865944,65,21,58,42,1171.3542,9634.308,9536,9568,0
1751480865958,0,10000,0,0,500,2000,0,0,0
1751480865969,70,21,57,46,1097.2856,9634.308,9536,9568,0
1751480865986,70,21,57,46,877.1616,7701.591,9536,9536,0
1751480865997,0,10000,0,0,500,2000,0,0,0
1751480866009,73,21,57,50,834.9282,7701.591,6848,9536,0
1751480866025,73,21,57,50,834.9282,7701.591,6848,9536,0
1751480866037,0,10000,0,0,500,2000,0,0,0
1751480866047,75,21,56,52,819.7385,7701.591,6848,9536,0
1751480866066,75,21,56,52,605.16034,5685.5903,6848,6848,0
1751480866081,0,10000,0,0,500,2000,0,0,0
1751480866092,69,21,22,47,658.81616,5685.5903,5472,6848,0
1751480866104,69,21,22,47,658.81616,5685.5903,5472,6848,0
1751480866118,0,10000,0,0,500,2000,0,0,0
1751480866128,62,21,15,42,727.28357,5685.5903,5472,6848,0
1751480866143,62,21,15,42,752.61346,5883.6084,5472,5472,0
1751480866156,0,10000,0,0,500,2000,0,0,0
1751480866173,58,21,16,38,810.1665,5883.6084,5472,5472,0
1751480866184,58,21,16,38,810.1665,5883.6084,5472,5472,0
1751480866197,0,10000,0,0,500,2000,0,0,0
1751480866208,55,21,16,36,947.24115,6581.5156,5472,5472,0
1751480866226,55,21,16,36,947.24115,6581.5156,5472,5472,0
1751480866237,0,10000,0,0,500,2000,0,0,0
1751480866256,51,21,16,32,1022.26807,6581.5156,5440,5472,0
1751480866265,51,21,16,32,1114.4276,7174.8525,5440,5440,0
1751480866265,51,21,16,32,1114.4276,7174.8525,6816,6816,0
1751480866276,0,10000,0,0,500,2000,0,0,0
1751480866305,51,21,16,32,1114.4276,7174.8525,6816,6816,0
1751480866316,0,10000,0,0,500,2000,0,0,0
1751480866334,62,21,43,40,854.45654,6696.0493,6816,6816,0
1751480866345,62,21,43,40,854.45654,6696.0493,6816,6816,0
1751480866358,0,10000,0,0,500,2000,0,0,0
1751480866368,56,21,15,35,946.16296,6696.0493,5472,6816,0
1751480866384,56,21,15,35,946.16296,6696.0493,5472,6816,0
1751480866397,0,10000,0,0,500,2000,0,0,0
1751480866408,63,21,55,41,796.9087,6303.8706,5472,5472,0
1751480866426,63,21,55,41,796.9087,6303.8706,5472,5472,0
1751480866435,0,10000,0,0,500,2000,0,0,0
1751480866448,56,21,17,36,891.22644,6303.8706,5472,5472,0
1751480866465,56,21,17,36,915.9441,6478.7046,5472,5472,0
1751480866478,0,10000,0,0,500,2000,0,0,0
1751480866488,51,21,18,31,1011.95624,6478.7046,5472,5472,0
1751480866505,51,21,18,31,1011.95624,6478.7046,5472,5472,0
1751480866517,0,10000,0,0,500,2000,0,0,0
1751480866528,51,21,17,30,1202.7039,7675.258,5472,5472,0
1751480866543,51,21,17,30,1202.7039,7675.258,6816,6816,0
1751480866557,0,10000,0,0,500,2000,0,0,0
1751480866572,51,21,19,30,1194.6509,7675.258,6816,6816,0
1751480866586,51,21,19,30,1257.4811,8078.9224,6816,6816,0
1751480866598,0,10000,0,0,500,2000,0,0,0
1751480866608,54,21,17,32,1195.1305,8078.9224,6816,6816,0
1751480866625,54,21,17,32,1195.1305,8078.9224,6816,6816,0
1751480866637,0,10000,0,0,500,2000,0,0,0
1751480866646,54,21,16,33,1296.2644,8805.523,1344,1344,0
1751480866648,54,21,16,33,1296.2644,8805.523,8192,8192,0
1751480866666,54,21,16,33,1296.2644,8805.523,8192,8192,0
1751480866676,0,10000,0,0,500,2000,0,0,0
1751480866687,51,21,17,30,1375.617,8805.523,8192,8192,0
1751480866706,51,21,17,30,1459.8898,9344.966,8192,8192,0
1751480866717,0,10000,0,0,500,2000,0,0,0
1751480866729,53,21,19,32,1389.993,9344.966,2720,8192,0
1751480866735,53,21,19,32,1389.993,9344.966,8192,8192,0
1751480866746,53,21,19,32,1389.993,9344.966,8192,8192,0
1751480866757,0,10000,0,0,500,2000,0,0,0
1751480866767,56,21,12,35,1347.4773,9536.879,8192,8192,0
1751480866790,56,21,12,35,1347.4773,9536.879,8192,8192,0
1751480866797,0,10000,0,0,500,2000,0,0,0
1751480866823,60,21,52,38,1257.0271,9536.879,8192,8192,0
1751480866836,0,10000,0,0,500,2000,0,0,0
1751480866842,60,21,52,38,1115.2513,8461.247,8192,8192,0
1751480866844,60,21,52,38,780.67596,5922.873,6816,8192,1
1751480866848,60,21,0,39,777.22614,5922.873,5440,8192,0
1751480866865,60,21,0,39,777.22614,5922.873,5440,8192,0
1751480866876,0,10000,0,0,500,2000,0,0,0
1751480866887,61,21,41,39,773.99054,5922.873,5472,8192,0
1751480866905,61,21,41,39,928.7947,7107.493,5472,5472,0
1751480866916,0,10000,0,0,500,2000,0,0,0
1751480866927,63,21,18,41,895.602,7107.493,6816,6816,0
1751480866944,63,21,18,41,895.602,7107.493,6816,6816,0
1751480866958,0,10000,0,0,500,2000,0,0,0
1751480866968,55,21,19,35,1110.631,7770.6787,6816,6816,0
1751480866984,55,21,19,35,1110.631,7770.6787,6816,6816,0
1751480867000,0,10000,0,0,500,2000,0,0,0
1751480867011,59,21,20,38,1040.0284,7770.6787,6816,6816,0
1751480867024,59,21,20,38,1040.0284,7770.6787,6816,6816,0
1751480867036,0,10000,0,0,500,2000,0,0,0
1751480867050,57,21,14,36,1119.5463,8047.713,6816,6816,0
1751480867050,57,21,14,36,1119.5463,8047.713,6816,6816,0
1751480867065,57,21,14,36,1119.5463,8047.713,6816,6816,0
1751480867077,0,10000,0,0,500,2000,0,0,0
1751480867088,54,21,16,34,1173.3375,8047.713,6816,6816,0
1751480867105,54,21,16,34,1156.4525,7931.9014,6816,6816,0
1751480867117,0,10000,0,0,500,2000,0,0,0
1751480867126,56,21,16,36,1113.6271,7931.9014,6816,6816,0
1751480867145,56,21,16,36,1113.6271,7931.9014,6816,6816,0
1751480867156,0,10000,0,0,500,2000,0,0,0
1751480867168,57,21,19,36,1156.3009,8247.083,6848,6848,0
1751480867184,57,21,19,36,1156.3009,8247.083,6848,6848,0
1751480867197,0,10000,0,0,500,2000,0,0,0
1751480867208,55,21,19,34,1188.537,8247.083,6848,6848,0
1751480867224,55,21,19,34,1161.432,8059.005,6848,6848,0
1751480867237,0,10000,0,0,500,2000,0,0,0
1751480867247,58,21,17,36,1106.6826,8059.005,6848,6848,0
1751480867265,58,21,17,36,1106.6826,8059.005,6848,6848,0
1751480867276,0,10000,0,0,500,2000,0,0,0
1751480867286,57,21,16,36,1166.9886,8336.522,6816,6816,0
1751480867288,57,21,16,36,1166.9886,8336.522,8192,8192,0
1751480867304,57,21,16,36,1166.9886,8336.522,8192,8192,0
1751480867317,0,10000,0,0,500,2000,0,0,0
1751480867328,55,21,20,34,1198.0995,8336.522,8192,8192,0
1751480867345,55,21,20,34,1166.8115,8118.8164,8192,8192,0
1751480867357,0,10000,0,0,500,2000,0,0,0
1751480867368,60,21,18,39,1065.3561,8118.8164,6816,8192,0
1751480867384,60,21,18,39,1065.3561,8118.8164,6816,8192,0
1751480867397,0,10000,0,0,500,2000,0,0,0
1751480867408,62,21,18,40,992.57336,7716.131,6816,6816,0
1751480867423,62,21,18,40,992.57336,7716.131,6816,6816,0
1751480867446,0,10000,0,0,500,2000,0,0,0
1751480867465,68,21,66,45,905.0062,7716.131,6816,6816,0
1751480867475,0,10000,0,0,500,2000,0,0,0
1751480867485,71,21,55,48,674.4134,6006.3784,6816,6816,0
1751480867517,0,10000,0,0,500,2000,0,0,0
1751480867557,0,10000,0,0,500,2000,0,0,0
1751480867596,0,10000,0,0,500,2000,0,0,0
1751480867637,0,10000,0,0,500,2000,0,0,0
1751480867676,0,10000,0,0,500,2000,0,0,0
1751480867716,0,10000,0,0,500,2000,0,0,0
1751480867757,0,10000,0,0,500,2000,0,0,0
1751480867795,0,10000,0,0,500,2000,0,0,0
1751480867837,0,10000,0,0,500,2000,0,0,0
1751480867878,0,10000,0,0,500,2000,0,0,0
1751480867916,0,10000,0,0,500,2000,0,0,0
1751480867957,0,10000,0,0,500,2000,0,0,0
1751480867996,0,10000,0,0,500,2000,0,0,0
1751480868048,0,10000,0,0,500,2000,0,0,0
1751480868077,0,10000,0,0,500,2000,0,0,0
1751480868117,0,10000,0,0,500,2000,0,0,0
1751480868157,0,10000,0,0,500,2000,0,0,0
1751480868197,0,10000,0,0,500,2000,0,0,0
1751480868236,0,10000,0,0,500,2000,0,0,0
1751480868278,0,10000,0,0,500,2000,0,0,0
1751480868316,0,10000,0,0,500,2000,0,0,0
1751480868356,0,10000,0,0,500,2000,0,0,0
1751480868398,0,10000,0,0,500,2000,0,0,0
1751480868437,0,10000,0,0,500,2000,0,0,0
1751480868477,0,10000,0,0,500,2000,0,0,0
1751480868515,0,10000,0,0,500,2000,0,0,0
1751480868558,0,10000,0,0,500,2000,0,0,0
1751480868597,0,10000,0,0,500,2000,0,0,0
1751480868637,0,10000,0,0,500,2000,0,0,0
1751480868677,0,10000,0,0,500,2000,0,0,0
1751480868717,0,10000,0,0,500,2000,0,0,0
1751480868757,0,10000,0,0,500,2000,0,0,0
1751480868797,0,10000,0,0,500,2000,0,0,0
1751480868839,0,10000,0,0,500,2000,0,0,0
1751480868877,0,10000,0,0,500,2000,0,0,0
1751480868917,0,10000,0,0,500,2000,0,0,0
1751480868957,0,10000,0,0,500,2000,0,0,0
1751480868996,0,10000,0,0,500,2000,0,0,0
1751480869038,0,10000,0,0,500,2000,0,0,0
1751480869077,0,10000,0,0,500,2000,0,0,0
1751480869124,0,10000,0,0,500,2000,0,0,0
1751480869158,0,10000,0,0,500,2000,0,0,0
1751480869198,0,10000,0,0,500,2000,0,0,0
1751480869238,0,10000,0,0,500,2000,0,0,0
1751480869275,0,10000,0,0,500,2000,0,0,0
1751480869317,0,10000,0,0,500,2000,0,0,0
